[{"name":"theme_info","theme_name":"Debutify","theme_author":"Debutify","theme_version":"2.0.1","theme_documentation_url":"https:\/\/debutify.com","theme_support_email":"support@debutify.com"},{"name":"Colors","settings":[{"type":"header","content":"General"},{"type":"color","id":"color_body_bg","label":"Background","default":"#fff"},{"type":"color","id":"color_default","label":"Accent background","default":"#F7F7F7"},{"type":"color","id":"color_headings","label":"Headings","default":"#000"},{"type":"color","id":"color_body_text","label":"Body text","default":"#000"},{"type":"color","id":"color_primary","label":"Buttons","default":"#5600E3"},{"type":"color","id":"color_buy","label":"Buy buttons","default":"#5600E3"},{"type":"color","id":"color_button_text","label":"Buttons label","default":"#fff"},{"type":"color","id":"color_secondary","label":"Links and accents","default":"#5600E3"},{"type":"color","id":"color_sale","label":"Sale tag","default":"#44AE6C"},{"type":"header","content":"Header"},{"type":"color","id":"color_nav_bg","label":"Background","default":"#fff"},{"type":"color","id":"color_nav_text","label":"Text","default":"#000"},{"type":"header","content":"Announcement"},{"type":"color","id":"color_announcement_bg","label":"Background","default":"#000"},{"type":"color","id":"color_announcement_text","label":"Text","default":"#fff"},{"type":"header","content":"Drawers"},{"type":"color","id":"color_drawer_bg","label":"Background","default":"#fff"},{"type":"color","id":"color_drawer_default","label":"Accent background","default":"#F7F7F7"},{"type":"color","id":"color_drawer_text","label":"Text","default":"#000"},{"type":"color","id":"color_drawer_primary","label":"Buttons","default":"#5600E3"},{"type":"color","id":"color_drawer_buy","label":"Buy buttons","default":"#5600E3"},{"type":"color","id":"color_drawer_button_text","label":"Buttons label","default":"#fff"},{"type":"color","id":"color_drawer_overlay","label":"Overlay background","default":"#fff"},{"type":"range","id":"color_drawer_overlay_opacity","label":"Overlay opacity","min":50,"max":100,"step":1,"unit":"%","default":65},{"type":"header","content":"Image overlay"},{"type":"color","id":"color_overlay","label":"Background","default":"#000"},{"type":"color","id":"color_transparent_nav_text","label":"Text","default":"#fff"},{"type":"range","id":"opacity_overlay","label":"Opacity","min":0,"max":100,"step":1,"unit":"%","default":50},{"type":"header","content":"Footer"},{"type":"color","id":"color_footer_bg","label":"Background","default":"#000"},{"type":"color","id":"color_footer_text","label":"Text","default":"#fff"},{"type":"color","id":"color_footer_default","label":"Form fields","default":"#262626"},{"type":"color","id":"color_footer_primary","label":"Buttons","default":"#5600E3"},{"type":"color","id":"color_footer_button_text","label":"Buttons Label","default":"#fff"},{"type":"color","id":"color_copyright_bg","label":"Copyright background","default":"#5600E3"},{"type":"color","id":"color_copyright_text","label":"Copyright text","default":"#fff"}]},{"name":"Typography","settings":[{"type":"header","content":"Headings"},{"type":"font_picker","id":"header_family","label":"Font","default":"futura_n7"},{"type":"range","id":"header_font_size","label":"Base size","min":24,"max":40,"step":2,"unit":"px","default":34},{"type":"range","id":"header_font_size_big","label":"Page title size","min":50,"max":90,"step":2,"unit":"px","default":80},{"type":"range","id":"header_spacing","label":"Letter spacing","min":0,"max":2,"step":0.1,"unit":"px","default":0},{"type":"select","id":"header_transform","label":"Text transform","options":[{"value":"initial","label":"Default"},{"value":"capitalize","label":"Capitalize"},{"value":"uppercase","label":"Uppercase"},{"value":"lowercase","label":"Lowercase"}]},{"type":"header","content":"Accent text","info":"Menus and buttons"},{"type":"font_picker","id":"accent_family","label":"Font","default":"futura_n7"},{"type":"range","id":"accent_spacing","label":"Letter spacing","min":0,"max":2,"step":0.1,"unit":"px","default":0},{"type":"select","id":"accent_transform","label":"Text transform","options":[{"value":"initial","label":"Default"},{"value":"capitalize","label":"Capitalize"},{"value":"uppercase","label":"Uppercase"},{"value":"lowercase","label":"Lowercase"}]},{"type":"checkbox","id":"button_uppercase","label":"Uppercase buy buttons","default":true},{"type":"header","content":"Body text"},{"type":"font_picker","id":"base_family","label":"Font","default":"futura_n4"},{"type":"range","id":"base_font_size","label":"Base size","min":12,"max":18,"step":1,"unit":"px","default":16}]},{"name":"Social media","settings":[{"type":"header","content":"Social sharing image"},{"type":"image_picker","id":"share_image","label":"Image","info":"Shown when sharing a link on social media. [Learn more](https:\/\/help.shopify.com\/manual\/using-themes\/troubleshooting\/showing-social-media-thumbnail-images\/) about image thumbnails."},{"type":"header","content":"Accounts"},{"type":"text","id":"social_facebook_link","label":"Facebook","info":"https:\/\/www.facebook.com\/shopify"},{"type":"text","id":"social_twitter_link","label":"Twitter","info":"https:\/\/twitter.com\/shopify"},{"type":"text","id":"social_pinterest_link","label":"Pinterest","info":"https:\/\/www.pinterest.com\/shopify"},{"type":"text","id":"social_instagram_link","label":"Instagram","info":"https:\/\/instagram.com\/shopify"},{"type":"text","id":"social_snapchat_link","label":"Snapchat","info":"https:\/\/www.snapchat.com\/add\/shopify"},{"type":"text","id":"social_google_plus_link","label":"Google Plus","info":"https:\/\/plus.google.com\/+shopify"},{"type":"text","id":"social_tumblr_link","label":"Tumblr","info":"http:\/\/shopify.tumblr.com"},{"type":"text","id":"social_youtube_link","label":"YouTube","info":"https:\/\/www.youtube.com\/user\/shopify"},{"type":"text","id":"social_vimeo_link","label":"Vimeo","info":"https:\/\/vimeo.com\/shopify"},{"type":"text","id":"social_fancy_link","label":"Fancy","info":"http:\/\/fancy.com\/Shopify"},{"type":"header","content":"Sharing options"},{"type":"checkbox","id":"share_facebook","label":"Share on Facebook"},{"type":"checkbox","id":"share_twitter","label":"Tweet on Twitter"},{"type":"checkbox","id":"share_pinterest","label":"Pin on Pinterest"}]},{"name":"Favicon","settings":[{"type":"image_picker","id":"favicon","label":"Favicon image"}]},{"name":"Cart\/Search","settings":[{"type":"header","content":"Cart"},{"type":"checkbox","id":"cart_top_button","label":"Show top checkout button","default":true},{"type":"checkbox","id":"cart_notes_enable","label":"Enable order notes"},{"type":"checkbox","id":"cart_spacer","label":"Enable line spacer"},{"type":"checkbox","id":"enable_payment_button","label":"Show dynamic checkout button","default":false},{"type":"select","id":"cart_type","label":"Cart type","options":[{"value":"page","label":"Page"},{"value":"drawer","label":"Drawer"}]},{"type":"select","id":"cart_icon","label":"Cart icon","default":"cart","options":[{"value":"cart","label":"Cart"},{"value":"bag","label":"Bag"},{"value":"basket","label":"Basket"}]},{"type":"select","id":"browsing_button_style","label":"Continue browsing button style","default":"btn--primary","options":[{"value":"","label":"Default"},{"value":"btn--primary","label":"Full"},{"value":"btn-outline-primary","label":"Outline"}]},{"type":"text","id":"checkout_icon","label":"Checkout icon","default":"lock","info":"Enter the name of any free solid icons on [FontAwesome](https:\/\/fontawesome.com\/icons?d=gallery&s=solid&m=free)"},{"type":"header","content":"Search"},{"type":"checkbox","id":"search_enabled","label":"Enable search","default":true},{"type":"checkbox","id":"search_product","label":"Only search products","default":true},{"type":"select","id":"search_button_style","label":"Button style","default":"btn--primary","options":[{"value":"","label":"Default"},{"value":"btn--primary","label":"Full"},{"value":"btn-outline-primary","label":"Outline"}]}]},{"name":"Review App","settings":[{"type":"header","content":"Review widgets"},{"type":"select","id":"review_section_style","label":"Section style","default":"default-section","options":[{"value":"default-section","label":"Default"},{"value":"bg-section","label":"Add background color"},{"value":"border-section","label":"Add border top"}]},{"type":"select","id":"review_widget","label":"Position","default":"review_widget_above","options":[{"value":"review_widget_above","label":"Above related product"},{"value":"review_widget_under","label":"Under related product"},{"value":"review_widget_tab","label":"In product tabs"}]},{"type":"header","content":"Star Ratings"},{"type":"select","id":"review_badge","label":"Position (product page)","default":"review_badge_under","options":[{"value":"review_badge_above","label":"Above product title"},{"value":"review_badge_under","label":"Under product title"}]},{"type":"select","id":"review_badge_grid","label":"Position (product grid)","default":"review_badge_under","options":[{"value":"review_badge_above","label":"Above product title"},{"value":"review_badge_under","label":"Under product title"}]},{"type":"header","content":"Installation instructions"},{"type":"paragraph","content":"1. Click on the button below: Theme actions > Edit code"},{"type":"paragraph","content":"2. Copy & paste your Review Widget code in this file: review-widget.liquid"},{"type":"paragraph","content":"3. Copy & paste your Review Badge code in this file: review-badge.liquid"},{"type":"paragraph","content":"** If your Review App has done an auto-install of the review widget, you will have to delete it manually. You will find their auto-installed review widget at the bottom of one of these 2 files: product.liquid or product-template.liquid"}]},{"name":"Advanced settings","settings":[{"type":"header","content":"Header"},{"type":"checkbox","id":"sticky_header","label":"Enable sticky header","default":true},{"type":"checkbox","id":"hero_header","label":"Enable transparent header","default":true},{"type":"header","content":"Announcement"},{"type":"checkbox","id":"show_announcement","label":"Show","default":true},{"type":"checkbox","id":"show_announcement_home","label":"Home page only","default":false},{"type":"checkbox","id":"hide_announcement_mobile","label":"Hide on mobile","default":false},{"type":"text","id":"announcement_text","label":"Text","default":"Announce something here"},{"type":"url","id":"announcement_link","label":"Link"},{"type":"select","id":"announcement_size","label":"Size","default":"medium","options":[{"value":"small","label":"Small"},{"value":"medium","label":"Medium"}]},{"type":"header","content":"Product Grid"},{"type":"checkbox","id":"grid_product_vendor","label":"Show vendors","default":false},{"type":"checkbox","id":"color_product","label":"Add background","default":false},{"type":"select","id":"sale_type","label":"Sale type","default":"amount","options":[{"value":"amount","label":"Amount"},{"value":"percentage","label":"Percentage"}]},{"type":"select","id":"tag_placement","label":"Sale tag placement","default":"top-left","options":[{"value":"none","label":"Hidden"},{"value":"top-left","label":"Top left"},{"value":"top-right","label":"Top right"},{"value":"bottom-right","label":"Bottom right"},{"value":"bottom-left","label":"Bottom left"}]},{"type":"checkbox","id":"tag_text","label":"Hide tag text on mobile","default":true},{"type":"header","content":"Currency selector"},{"type":"checkbox","id":"show_currency_selector","label":"Enable","default":true,"info":"Enable your store to sell in multiple currencies. [Learn more](https:\/\/help.shopify.com\/en\/manual\/payments\/shopify-payments\/multi-currency\/setup)."},{"type":"checkbox","id":"auto_currency_selector","label":"IP geolocalisation","default":true,"info":"Display currency based on the location of your customer."},{"type":"select","id":"position_currency_converter","label":"Position","default":"product","options":[{"value":"product","label":"Product page"},{"value":"header","label":"Header"},{"value":"announcement","label":"Announcement"},{"value":"footer","label":"Footer"}]},{"type":"header","content":"Article Grid"},{"type":"checkbox","id":"show_author","label":"Show author","default":true},{"type":"checkbox","id":"show_date","label":"Show date","default":true},{"type":"header","content":"Hero image"},{"type":"checkbox","id":"show_hero","label":"Show image","default":true,"info":"In collection\/article page."},{"type":"checkbox","id":"parallax_enabled","label":"Enable parallax effect","default":true},{"type":"select","id":"section_height","label":"Section height (desktop)","default":"medium","options":[{"label":"Extra Small","value":"xsmall"},{"label":"Small","value":"small"},{"label":"Medium","value":"medium"},{"label":"Large","value":"large"},{"label":"Full","value":"xlarge"}]},{"type":"select","id":"section_height_mobile","label":"Section height (mobile)","default":"xsmall","options":[{"label":"Extra Small","value":"xsmall"},{"label":"Small","value":"small"},{"label":"Medium","value":"medium"},{"label":"Large","value":"large"},{"label":"Full","value":"xlarge"}]},{"type":"header","content":"Borders"},{"type":"range","id":"border_radius","label":"Border radius","min":0,"max":30,"step":1,"unit":"px","default":4,"info":"Max for perfect circle"},{"type":"select","id":"border_width","label":"Border width","default":"1","options":[{"value":"1","label":"1px"},{"value":"2","label":"2px"}]},{"type":"header","content":"Back to top button"},{"type":"checkbox","id":"show_top_button","label":"Show","default":true},{"type":"checkbox","id":"top_button_mobile","label":"Hide on mobile","default":true},{"type":"select","id":"top_button_position","label":"Position","default":"center","options":[{"value":"left","label":"Left"},{"value":"right","label":"Right"},{"value":"center","label":"Center"}]},{"type":"header","content":"General"},{"type":"checkbox","id":"show_breadcrumbs","label":"Show breadcrumbs","default":false},{"type":"checkbox","id":"transition_hover_enabled","label":"Enable transitions on hover","default":true},{"type":"checkbox","id":"image_effect","label":"Enable image hover effect","default":true},{"type":"url","id":"browsing_link","label":"Continue browsing link","default":"\/"},{"type":"text","id":"buy_now_text","label":"Custom buy it now label"},{"type":"text","id":"more_payment_text","label":"Custom more payment option label"},{"type":"text","id":"zindex_drawer","label":"Drawer z-index","default":"999999999"}]},{"name":"Add-to-cart animation","settings":[{"type":"header","content":"Activation"},{"type":"checkbox","id":"dbtfy_addtocart_animation","label":"Activate","default":false},{"type":"header","content":"Settings"},{"type":"select","id":"dbtfy_addtocart_animation_type","label":"Animation type","default":"shake","options":[{"value":"bounce","label":"Bounce"},{"value":"flash","label":"Flash"},{"value":"pulse","label":"Pulse"},{"value":"shake","label":"Shake"},{"value":"jello","label":"Jello"}]},{"type":"select","id":"dbtfy_addtocart_animation_speed","label":"Animation speed","default":"","options":[{"value":"slow","label":"Slow"},{"value":"","label":"Default"},{"value":"fast","label":"Fast"},{"value":"faster","label":"Faster"}]},{"type":"range","id":"dbtfy_addtocart_animation_interval","label":"Interval time (seconds)","min":5,"max":20,"step":1,"default":6}]},{"name":"Cart countdown","settings":[{"type":"header","content":"Activation"},{"type":"checkbox","id":"dbtfy_cart_countdown","label":"Activate","default":false},{"type":"header","content":"Text Settings"},{"type":"text","id":"dbtfy_cart_countdown_icon","label":"Icon","default":"check-circle","info":"Enter the name of any free solid icons on [FontAwesome](https:\/\/fontawesome.com\/icons?d=gallery&s=solid&m=free)"},{"type":"text","id":"dbtfy_cart_countdown_prefix","label":"Prefix","default":"Your cart is saved for the next"},{"type":"text","id":"dbtfy_cart_countdown_suffix","label":"Suffix"},{"type":"header","content":"Timer Settings"},{"type":"range","id":"dbtfy_cart_countdown_time_mins","label":"Minutes","min":1,"max":59,"step":1,"default":5},{"type":"header","content":"Translation Settings"},{"type":"text","id":"dbtfy_cart_countdown_m","label":"Minutes","default":"m"},{"type":"text","id":"dbtfy_cart_countdown_s","label":"Seconds","default":"s"}]},{"name":"Cart discount","settings":[{"type":"header","content":"Activation"},{"type":"checkbox","id":"dbtfy_cart_discount","label":"Activate","default":false},{"type":"header","content":"Settings"},{"type":"text","id":"dbtfy_cart_discount_label","label":"Input label"},{"type":"text","id":"dbtfy_cart_discount_placeholder","label":"Input placeholder","default":"Enter coupon code here"},{"type":"text","id":"dbtfy_cart_discount_apply_button_icon","label":"Button icon","default":"check-circle","info":"Enter the name of any free solid icons on [FontAwesome](https:\/\/fontawesome.com\/icons?d=gallery&s=solid&m=free)"}]},{"name":"Cart goal","settings":[{"type":"header","content":"Activation"},{"type":"checkbox","id":"dbtfy_cart_goal","label":"Activate","default":false},{"type":"header","content":"Settings"},{"type":"text","id":"dbtfy_cart_goal_before_text","label":"Prefix","default":"Buy"},{"type":"number","id":"dbtfy_cart_goal_amount","label":"Goal amount","default":70,"info":"Set up your free [shipping rates](\/admin\/settings\/shipping) matching the amount entered above"},{"type":"text","id":"dbtfy_cart_goal_after_text","label":"Suffix","default":"more to enjoy FREE shipping!"},{"type":"text","id":"dbtfy_cart_goal_reached_text","label":"Goal reached","default":"You are eligible for FREE shipping!"},{"type":"text","id":"dbtfy_cart_goal_icon","label":"Icon","default":"shipping-fast","info":"Enter the name of any free solid icons on [FontAwesome](https:\/\/fontawesome.com\/icons?d=gallery&s=solid&m=free)"}]},{"name":"Chat box","settings":[{"type":"header","content":"Activation"},{"type":"checkbox","id":"dbtfy_chat_box","label":"Activate","default":false},{"type":"header","content":"Settings"},{"type":"checkbox","id":"dbtfy_chat_box_mobile","label":"Hide on mobile","default":false},{"type":"checkbox","id":"dbtfy_chat_box_new","label":"Open on a new tab","default":true},{"type":"image_picker","id":"dbtfy_chat_box_image","label":"Image"},{"type":"url","id":"dbtfy_chat_box_link","label":"Link"},{"type":"select","id":"dbtfy_chat_box_position","label":"Position","default":"left","options":[{"value":"left","label":"Left"},{"value":"right","label":"Right"}]},{"type":"select","id":"dbtfy_chat_box_animation","label":"Animation type","default":"bounceInLeft","options":[{"value":"","label":"None"},{"value":"bounce","label":"Bounce"},{"value":"bounceIn","label":"Bounce in"},{"value":"bounceInDown","label":"Bounce in down"},{"value":"bounceInLeft","label":"Bounce in left"},{"value":"bounceInRight","label":"Bounce in right"},{"value":"bounceInUp","label":"Bounce in up"},{"value":"shake","label":"Shake"},{"value":"jello","label":"Jello"}]},{"type":"range","id":"dbtfy_chat_box_height","label":"Height","min":40,"max":80,"step":1,"unit":"px","default":59}]},{"name":"Collection add-to-cart","settings":[{"type":"header","content":"Activation"},{"type":"checkbox","id":"dbtfy_collection_addtocart","label":"Activate","default":false}]},{"name":"Color swatches","settings":[{"type":"header","content":"Activation"},{"type":"checkbox","id":"dbtfy_color_swatches","label":"Activate","default":false},{"type":"header","content":"Settings"},{"type":"text","id":"dbtfy_color_swatches_color","label":"Variant options","info":"Comma-separated","default":"Color"},{"type":"select","id":"dbtfy_color_swatches_file","label":"File extensions type","default":"jpg","options":[{"value":"jpg","label":"jpg"},{"value":"jpeg","label":"jpeg"},{"value":"png","label":"png"},{"value":"gif","label":"gif"}]},{"type":"header","content":"Upload images"},{"type":"paragraph","content":"1. At the bottom, click on Theme actions > Edit code"},{"type":"paragraph","content":"2. On the left side, click the Assets heading to reveal your Assets content."},{"type":"paragraph","content":"3. Under the Assets heading, click the Add a new asset link:"},{"type":"paragraph","content":"* If you have a color called 'Déjà Vu Blue', then name your image deja-vu-blue.jpg"},{"type":"paragraph","content":"* If your color is 'Blue\/Gray', then name your image blue-gray.jpg"},{"type":"paragraph","content":"* If your color is 'Black', then name your image black.jpg"}]},{"name":"Cookie box","settings":[{"type":"header","content":"Activation"},{"type":"checkbox","id":"dbtfy_cookie_box","label":"Activate","default":false},{"type":"header","content":"Settings"},{"type":"checkbox","id":"dbtfy_cookie_box_inverted","label":"Use drawer colors","default":true},{"type":"richtext","id":"dbtfy_cookie_box_text","label":"Text","default":"<p><strong>Do you like cookies?<\/strong> 🍪 We use cookies to ensure you get the best experience on our website.<\/p>"},{"type":"text","id":"dbtfy_cookie_box_animation","label":"Animation type","default":"fadeIn","info":"Enter the name of any animation from [animate.css](https:\/\/daneden.github.io\/animate.css\/)"},{"type":"text","id":"dbtfy_cookie_box_button_label","label":"Button label","default":"Accept cookies"},{"type":"select","id":"dbtfy_cookie_box_button_style","label":"Button style","default":"btn--primary","options":[{"value":"","label":"Default"},{"value":"btn--primary","label":"Full"},{"value":"btn-outline-primary","label":"Outline"}]}]},{"name":"Delivery time","settings":[{"type":"header","content":"Activation"},{"type":"checkbox","id":"dbtfy_delivery_time","label":"Activate","default":false},{"type":"header","content":"Text settings"},{"type":"text","id":"dbtfy_delivery_time_icon","label":"Icon","default":"shipping-fast","info":"Enter the name of any free solid icons on [FontAwesome](https:\/\/fontawesome.com\/icons?d=gallery&s=solid&m=free)"},{"type":"text","id":"dbtfy_delivery_time_prefix","label":"Prefix","default":"Get it between"},{"type":"text","id":"dbtfy_delivery_time_separator","label":"Separator","default":"-"},{"type":"text","id":"dbtfy_delivery_time_suffix","label":"Suffix"},{"type":"header","content":"Delivery settings"},{"type":"checkbox","id":"dbtfy_delivery_time_date","label":"Show as date","default":true},{"type":"range","id":"dbtfy_delivery_time_from","label":"Min delivery time (days)","min":1,"max":60,"step":1,"default":7},{"type":"range","id":"dbtfy_delivery_time_to","label":"Max delivery time (days)","min":1,"max":60,"step":1,"default":14},{"type":"text","id":"dbtfy_delivery_time_format","label":"Date format","default":"%b %d","info":"%a %b %d %Y"}]},{"name":"Discount saved","settings":[{"type":"header","content":"Activation"},{"type":"checkbox","id":"dbtfy_discount_saved","label":"Activate","default":false}]},{"name":"Inventory quantity","settings":[{"type":"header","content":"Activation"},{"type":"checkbox","id":"dbtfy_inventory_quantity","label":"Activate","default":true},{"type":"header","content":"Text Settings"},{"type":"text","id":"dbtfy_inventory_quantity_icon","label":"Icon","default":"stopwatch","info":"Enter the name of any free solid icons on [FontAwesome](https:\/\/fontawesome.com\/icons?d=gallery&s=solid&m=free)"},{"type":"text","id":"dbtfy_inventory_quantity_prefix","label":"Prefix","default":"Only"},{"type":"text","id":"dbtfy_inventory_quantity_suffix","label":"Suffix","default":"left in stock"},{"type":"header","content":"Quantity Settings"},{"type":"checkbox","id":"dbtfy_inventory_quantity_temp","label":"Show random quantities","default":true,"info":"Uncheck to show real inventory"},{"type":"range","id":"dbtfy_inventory_quantity_min","label":"Min quantity","min":1,"max":99,"step":1,"default":3},{"type":"range","id":"dbtfy_inventory_quantity_max","label":"Max quantity","min":1,"max":99,"step":1,"default":14}]},{"name":"Linked options","settings":[{"type":"header","content":"Activation"},{"type":"checkbox","id":"dbtfy_linked_options","label":"Activate","info":"Only works with the dropdown variant picker type","default":false}]},{"name":"Live view","settings":[{"type":"header","content":"Activation"},{"type":"checkbox","id":"dbtfy_live_view","label":"Activate","default":false},{"type":"header","content":"Settings"},{"type":"text","id":"dbtfy_live_view_prefix","label":"Prefix"},{"type":"text","id":"dbtfy_live_view_people","label":"People","default":"People"},{"type":"text","id":"dbtfy_live_view_suffix","label":"Suffix","default":"are viewing this right now"},{"type":"text","id":"dbtfy_live_view_icon","label":"Icon","default":"eye","info":"Enter the name of any free solid icons on [FontAwesome](https:\/\/fontawesome.com\/icons?d=gallery&s=solid&m=free)"},{"type":"range","id":"dbtfy_live_view_min","label":"Min (people)","min":1,"max":10,"step":1,"default":2},{"type":"range","id":"dbtfy_live_view_max","label":"Max (people)","min":2,"max":100,"step":1,"default":8,"info":"Must be higher than min."},{"type":"range","id":"dbtfy_live_view_interval","label":"Interval time (seconds)","min":3,"max":10,"step":1,"default":4}]},{"name":"Newsletter pop-up","settings":[{"type":"header","content":"Activation"},{"type":"checkbox","id":"dbtfy_newsletter_popup","label":"Activate","default":false,"info":"Edit your [Spam protection](\/admin\/online_store\/preferences) preferences to disable Google reCAPTCHA on contact forms."},{"type":"header","content":"Floating bar Settings"},{"type":"checkbox","id":"dbtfy_newsletter_floating_bar","label":"Activate","default":false},{"type":"checkbox","id":"dbtfy_floating_bar_mobile","label":"Hide on mobile","default":false},{"type":"select","id":"dbtfy_floating_bar_position","label":"Position","default":"right","options":[{"value":"left","label":"Left"},{"value":"right","label":"Right"}]},{"type":"text","id":"dbtfy_floating_bar_text","label":"Text","default":"Get 20% off!"},{"type":"text","id":"dbtfy_floating_bar_icon","label":"Icon","default":"caret-up","info":"Enter the name of any free solid icons on [FontAwesome](https:\/\/fontawesome.com\/icons?d=gallery&s=solid&m=free)"},{"type":"header","content":"Pop-up Settings"},{"type":"text","id":"dbtfy_newsletter_popup_width","label":"Width","default":"600"},{"type":"image_picker","id":"dbtfy_newsletter_popup_image","label":"Image"},{"type":"select","id":"dbtfy_newsletter_popup_image_position","label":"Image position","default":"center center","options":[{"label":"Top left","value":"top left"},{"label":"Top center","value":"top center"},{"label":"Top right","value":"top right"},{"label":"Middle left","value":"center left"},{"label":"Middle center","value":"center center"},{"label":"Middle right","value":"center right"},{"label":"Bottom left","value":"bottom left"},{"label":"Bottom center","value":"bottom center"},{"label":"Bottom right","value":"bottom right"}]},{"type":"text","id":"dbtfy_newsletter_popup_title","label":"Title","default":"Don't leave yet!"},{"type":"richtext","id":"dbtfy_newsletter_popup_text","label":"Text","default":"<p>Get 10% OFF your first purchase when signing up to our awesome newsletter!<\/p>"},{"type":"text","id":"dbtfy_newsletter_popup_close","label":"Close text","default":"No thanks, I don't like coupons."},{"type":"text","id":"dbtfy_newsletter_popup_icon","label":"Send icon","default":"envelope","info":"Enter the name of any free solid icons on [FontAwesome](https:\/\/fontawesome.com\/icons?d=gallery&s=solid&m=free)"},{"type":"text","id":"dbtfy_newsletter_popup_animation","label":"Animation type","default":"zoomIn","info":"Enter the name of any animation from [animate.css](https:\/\/daneden.github.io\/animate.css\/)"},{"type":"header","content":"Trigger Settings"},{"type":"checkbox","id":"dbtfy_newsletter_popup_time_trigger","label":"Enable time-based trigger","default":false},{"type":"range","id":"dbtfy_newsletter_popup_timeout","label":"Trigger timeout (seconds)","min":5,"max":60,"step":1,"default":15,"info":"Trigger will also happen when customer is about to leave your website. (exit-intent)"},{"type":"header","content":"Success settings"},{"type":"text","id":"dbtfy_newsletter_popup_title_success","label":"Title","default":"Thank you!"},{"type":"richtext","id":"dbtfy_newsletter_popup_text_success","label":"Text","default":"<p>Click the button below to automatically apply your 10% OFF coupon code at checkout!<\/p>"},{"type":"text","id":"dbtfy_newsletter_popup_apply","label":"Apply button label","default":"Apply Coupon Code"},{"type":"text","id":"dbtfy_newsletter_popup_coupon","label":"Coupon code","info":"This coupon code will be automatically applied at checkout"}]},{"name":"Product video","settings":[{"type":"header","content":"Activation"},{"type":"checkbox","id":"dbtfy_product_video","label":"Activate","default":false,"info":"Youtube, Vimeo & Dailymotion"},{"type":"paragraph","content":"Add your video link to your product image alt text. [Edit product alt text](\/admin\/products)."},{"type":"header","content":"Settings"},{"type":"checkbox","id":"dbtfy_product_video_autoplay","label":"Autoplay video","default":true},{"type":"select","id":"dbtfy_product_video_animation","label":"Animation type","default":"bounceIn","options":[{"value":"bounceIn","label":"Bounce in"},{"value":"fadeIn","label":"Fade In"},{"value":"fadeInDown","label":"Fade In Down"},{"value":"fadeInUp","label":"Fade In Up"}]}]},{"name":"Quick view","settings":[{"type":"header","content":"Activation"},{"type":"checkbox","id":"dbtfy_quick_view","label":"Activate","default":false},{"type":"header","content":"Settings"},{"type":"checkbox","id":"dbtfy_quick_view_hide_mobile","label":"Hide on mobile","default":true},{"type":"checkbox","id":"dbtfy_quick_view_quantity_selector","label":"Show quantity picker","default":false},{"type":"text","id":"quick_view_animation","label":"Animation type","default":"pulse","info":"Enter the name of any animation from [animate.css](https:\/\/daneden.github.io\/animate.css\/)"},{"type":"text","id":"quick_view_icon","label":"Quick view icon","default":"eye","info":"Enter the name of any free solid icons on [FontAwesome](https:\/\/fontawesome.com\/icons?d=gallery&s=solid&m=free)"},{"type":"select","id":"icon_placement","label":"Icon placement","default":"top-right","options":[{"value":"top-left","label":"Top left"},{"value":"top-right","label":"Top right"},{"value":"bottom-right","label":"Bottom right"},{"value":"bottom-left","label":"Bottom left"}]}]},{"name":"Sales countdown","settings":[{"type":"header","content":"Activation"},{"type":"checkbox","id":"dbtfy_sales_countdown","label":"Activate","info":"Only applies to on sale variants","default":false},{"type":"header","content":"Text Settings"},{"type":"checkbox","id":"dbtfy_sales_countdown_bg","label":"Add background color","default":true},{"type":"text","id":"dbtfy_sales_countdown_icon","label":"Icon","default":"hourglass-half","info":"Enter the name of any free solid icons on [FontAwesome](https:\/\/fontawesome.com\/icons?d=gallery&s=solid&m=free)"},{"type":"text","id":"dbtfy_sales_countdown_prefix","label":"Prefix","default":"Sale ends in"},{"type":"text","id":"dbtfy_sales_countdown_suffix","label":"Suffix"},{"type":"header","content":"Timer Settings"},{"type":"text","id":"dbtfy_sales_countdown_date","label":"Sale end date","info":"MM\/DD\/YYYY"},{"type":"range","id":"dbtfy_sales_countdown_time_hours","label":"Hours","min":0,"max":23,"step":1,"default":2},{"type":"range","id":"dbtfy_sales_countdown_time_mins","label":"Minutes","min":0,"max":59,"step":1,"default":48},{"type":"header","content":"Visibility Settings"},{"type":"text","id":"dbtfy_sales_countdown_type","label":"Product type","info":"Comma-separated"},{"type":"text","id":"dbtfy_sales_countdown_tag","label":"Product tag","info":"Comma-separated"},{"type":"product","id":"dbtfy_sales_countdown_product","label":"Product"},{"type":"collection","id":"dbtfy_sales_countdown_collection","label":"Collection"},{"type":"header","content":"Translation Settings"},{"type":"text","id":"dbtfy_sales_countdown_d","label":"Days","default":"d"},{"type":"text","id":"dbtfy_sales_countdown_h","label":"Hours","default":"h"},{"type":"text","id":"dbtfy_sales_countdown_m","label":"Minutes","default":"m"},{"type":"text","id":"dbtfy_sales_countdown_s","label":"Seconds","default":"s"}]},{"name":"Sales pop","settings":[{"type":"header","content":"Activation"},{"type":"checkbox","id":"dbtfy_sales_pop","label":"Activate","default":false},{"type":"header","content":"Notification settings"},{"type":"checkbox","id":"dbtfy_sales_pop_mobile","label":"Hide on mobile"},{"type":"collection","id":"dbtfy_sales_pop_collection","label":"Collection","info":"Leave empty for all products"},{"type":"range","id":"dbtfy_sales_pop_timeago","label":"Max time ago (hours)","min":1,"max":96,"step":1,"default":30},{"type":"range","id":"dbtfy_sales_pop_display","label":"Display time (seconds)","min":3,"max":10,"step":1,"default":4},{"type":"range","id":"dbtfy_sales_pop_interval","label":"Interval time (seconds)","min":5,"max":20,"step":1,"default":6},{"type":"header","content":"Text settings"},{"type":"textarea","id":"dbtfy_sales_pop_name","label":"Names","default":"Someone","info":"Comma-separated"},{"type":"textarea","id":"dbtfy_sales_pop_city","label":"Cities","info":"Comma-separated","default":"Montreal Canada"},{"type":"text","id":"dbtfy_sales_pop_purchase","label":"Purchased","default":"has purchased"},{"type":"text","id":"dbtfy_sales_pop_emoji","label":"Purchase emoji","default":"👏","info":"Copy & paste an [Emoji](https:\/\/www.emojicopy.com\/)"},{"type":"text","id":"dbtfy_sales_pop_prefix","label":"Time prefix"},{"type":"text","id":"dbtfy_sales_pop_suffix","label":"Time suffix","default":"ago"},{"type":"text","id":"dbtfy_sales_pop_icony","label":"Verified icon","default":"check-circle"},{"type":"text","id":"dbtfy_sales_pop_verified","label":"Verified text","default":"Verified"},{"type":"header","content":"Translations"},{"type":"text","id":"dbtfy_sales_pop_minute","label":"Minute","default":"minute"},{"type":"text","id":"dbtfy_sales_pop_minutes","label":"Minutes","default":"minutes"},{"type":"text","id":"dbtfy_sales_pop_hour","label":"Hour","default":"hour"},{"type":"text","id":"dbtfy_sales_pop_hours","label":"Hours","default":"hours"},{"type":"text","id":"dbtfy_sales_pop_day","label":"Day","default":"day"},{"type":"text","id":"dbtfy_sales_pop_days","label":"Days","default":"days"}]},{"name":"Shop protect","settings":[{"type":"header","content":"Activation"},{"type":"checkbox","id":"dbtfy_shop_protect","label":"Activate","default":false},{"type":"header","content":"Settings"},{"type":"checkbox","id":"dbtfy_shop_protect_image","label":"Disable images copy","default":true},{"type":"checkbox","id":"dbtfy_shop_protect_drag","label":"Disable images drag & drop","default":true},{"type":"checkbox","id":"dbtfy_shop_protect_text_product","label":"Disable product text copy","default":true},{"type":"checkbox","id":"dbtfy_shop_protect_text_article","label":"Disable article text copy","default":true},{"type":"checkbox","id":"dbtfy_shop_protect_collection","label":"Disable best selling collections","default":true,"info":"Make sure your collections are not sorted by best selling. [Edit collection sorting](\/admin\/collections)"}]},{"name":"Skip cart","settings":[{"type":"header","content":"Activation"},{"type":"checkbox","id":"dbtfy_skip_cart","label":"Activate","default":false}]},{"name":"Smart search","settings":[{"type":"header","content":"Activation"},{"type":"checkbox","id":"dbtfy_smart_search","label":"Activate","info":"To show collections, articles and pages, uncheck the \"Only search products\" checkbox in the Cart\/Search theme settings","default":false},{"type":"header","content":"Result settings"},{"type":"checkbox","id":"dbtfy_smart_search_price","label":"Show price","default":true},{"type":"checkbox","id":"dbtfy_smart_search_vendor","label":"Show vendor","default":false},{"type":"range","id":"dbtfy_smart_search_limit","label":"Result limit","min":2,"max":10,"step":1,"default":4},{"type":"header","content":"Text settings"},{"type":"text","id":"dbtfy_smart_search_products","label":"Products","default":"Products"},{"type":"text","id":"dbtfy_smart_search_collections","label":"Collections","default":"Collections"},{"type":"text","id":"dbtfy_smart_search_articles","label":"Articles","default":"Articles"},{"type":"text","id":"dbtfy_smart_search_pages","label":"Pages","default":"Pages"},{"type":"text","id":"dbtfy_smart_search_all","label":"Show all result","default":"Show all results for"}]},{"name":"Sticky add-to-cart","settings":[{"type":"header","content":"Activation"},{"type":"checkbox","id":"dbtfy_sticky_addtocart","label":"Activate","default":false},{"type":"header","content":"Settings"},{"type":"checkbox","id":"dbtfy_sticky_addtocart_reviews","label":"Show star ratings","default":false},{"type":"checkbox","id":"dbtfy_sticky_addtocart_animation","label":"Enable add-to-cart animation","default":false,"info":"Requires [Add-to-cart animation](\/admin\/apps\/debutify\/app)"},{"type":"checkbox","id":"dbtfy_sticky_addtocart_inventory","label":"Show Inventory quantity","default":false,"info":"Requires [Inventory quantity](\/admin\/apps\/debutify\/app)"},{"type":"checkbox","id":"dbtfy_sticky_addtocart_countdown","label":"Show Sales countdown","default":false,"info":"Requires [Sales countdown](\/admin\/apps\/debutify\/app)"},{"type":"checkbox","id":"dbtfy_sticky_addtocart_mobile","label":"Enable simplified mobile display","default":false},{"type":"select","id":"dbtfy_sticky_addtocart_wrapper","label":"Wrapper type","default":"wrapper-fluid","options":[{"value":"wrapper","label":"Default"},{"value":"wrapper-fluid","label":"Full"}]},{"type":"select","id":"dbtfy_sticky_addtocart_position","label":"Position","default":"top","options":[{"value":"top","label":"Top"},{"value":"bottom","label":"Bottom"}]}]},{"name":"Trust badges","settings":[{"type":"header","content":"Activation"},{"type":"checkbox","id":"dbtfy_trust_badge","label":"Activate","default":false},{"type":"header","content":"Settings"},{"type":"checkbox","id":"dbtfy_trust_badge_product","label":"Show on product page","default":true},{"type":"checkbox","id":"dbtfy_trust_badge_cart","label":"Show on cart page\/drawer","default":true},{"type":"checkbox","id":"dbtfy_trust_badge_background","label":"Show background color","default":true},{"type":"checkbox","id":"dbtfy_trust_badge_text_small","label":"Small text","default":false},{"type":"image_picker","id":"dbtfy_trust_badge_image","label":"Image","info":"Leave empty for default icons"},{"type":"text","id":"dbtfy_trust_badge_text","label":"Text","default":"Guaranteed safe & secure checkout"},{"type":"select","id":"dbtfy_trust_badge_text_position","label":"Text position","default":"under","options":[{"label":"Above","value":"above"},{"label":"Under","value":"under"}]},{"type":"select","id":"dbtfy_trust_badge_width","label":"Image width","default":"600","options":[{"label":"Extra Small","value":"200"},{"label":"Small","value":"300"},{"label":"Medium","value":"400"},{"label":"Large","value":"500"},{"label":"Extra Large","value":"600"}]}]},{"name":"Wish list","settings":[{"type":"header","content":"Activation"},{"type":"checkbox","id":"dbtfy_wish_list","label":"Activate","default":false},{"type":"header","content":"Settings"},{"type":"page","id":"dbtfy_wish_list_page","label":"Wish list page","info":"Use the Template page.wish-list"},{"type":"select","id":"dbtfy_wish_list_icon_placement","label":"Icon placement","default":"bottom-right","options":[{"value":"top-left","label":"Top left"},{"value":"top-right","label":"Top right"},{"value":"bottom-right","label":"Bottom right"},{"value":"bottom-left","label":"Bottom left"}]},{"type":"text","id":"dbtfy_wish_list_empty_text","label":"Empty wishlist text","default":"Your wishlist is currently empty."},{"type":"text","id":"dbtfy_wish_list_view_button_text","label":"View product button text","default":"View product"}]}]